id;deploy_id;deploy_group_id;deploy_sequence;app_id;deploy_name;request_component;deploy_status;request_type;release_type;module_name;portal;requestor_id;jira_id;pts_id;build_id;rlm_request_id;rlm_request_env;deployment_category;promotion_env;start_time;end_time;deploy_completed_date;trigger_next_seq_deploy;qa_sign_off_id;chgno
1;30546;1919;5308;18459;Electronic;Solutions;Hybrid;nor sensor;Bicycle beatae;Reactive;Profound across;Mercury;Southeast Rubber connecting;26886;expansion;Sedan function Incredible;questioning;Phased Borders cleverly;Automated vitae Steel;2023-09-03T10:03:52;2023-09-02T16:13:28;2023-09-02T22:22:21;true;8344;voluptatum Colorado
2;28078;17591;3207;16880;projection Bergnaum productivity;Northeast;impure Mazda Highway;Gasoline Bike;Administrator Northwest;Luxurious plum;wireless Nobelium invoice;Metal ick Latin;Southwest watt;17730;protocol;target Jeep;degree;plasticise Future;Iranian;2023-09-03T07:22:05;2023-09-03T00:08:31;2023-09-03T05:46:09;true;16875;foreground
3;8525;26722;1834;30849;West Table program;Passenger periodical Tools;Avon Alaska whoever;deposit Borders;Transexual;French;Recumbent generating;South or;fell payment;22880;ampere South;Agent silently radian;ampere reinvent;quantify Walk Plastic;Sports Soft;2023-09-03T11:46:50;2023-09-02T18:34:36;2023-09-03T02:17:36;true;27509;male analyzer reboot
4;10480;2074;16637;31702;Nissan;stick reluctantly;azure;West Practical green;expel;Product bypass;Marketing superficial Saint;Borders unload optimize;Van transmit Stravenue;17014;newton;circuit Springs;system Electronics Sedan;Forward Wagon;relationships;2023-09-02T20:11:54;2023-09-03T07:28:34;2023-09-03T11:08:32;false;30920;maroon
5;16740;15116;23130;20198;strategic reintermediate customized;Markets;Loan Analyst Games;Implemented mint Chevrolet;deposit withdrawal Incredible;North;decline Funk;Hat installation glucose;Gasoline;8006;Accounts ick;background too Lake;male green Blues;Southwest;Streets joule male;2023-09-03T12:36:27;2023-09-02T21:52:08;2023-09-03T12:32:47;false;13407;impedit indexing archive
6;9790;27024;29255;16768;Executive;kilogram ouch Gloves;models female;Unbranded Magnesium compress;Oregon Cis perk;Licensed Trial Triathlon/Time;Colorado;Neon South Dollar;consequently;18886;Blues 24/365;visionary indigo;Robust hm;facilitate Minivan;green Cargo redundant;2023-09-03T01:00:02;2023-09-03T07:02:39;2023-09-03T08:23:43;true;27890;navigate West Frozen
7;17094;23453;698;28792;amid;Account;South bus solution;global;South;models Refined productize;Oriental Internal azure;duh invoice Classical;Cheese knavishly;24949;Planner Van Peso;Krona drive Bonaire,;female edify Tuvalu;male;Directives evacuate quantifying;2023-09-03T06:04:25;2023-09-03T06:56:30;2023-09-02T21:20:14;true;25216;cupiditate Colorado
8;23479;9755;30640;26978;Folk Gasoline Designer;superstructure notwithstanding Idaho;Democratic;calculating white;alarm;Paradigm Toys watt;responsive;Northwest Polestar invoice;adipisci Representative Chrysler;7969;Carolina;Triathlon/Time Developer Plastic;Account Lead;International Planner tesla;Chair Infrastructure lavender;2023-09-03T07:24:08;2023-09-02T19:21:22;2023-09-02T18:49:21;false;22265;Credit North orchid
9;27800;9759;26550;6503;Southwest program 24/7;Course;Computer likewise;transmitting compress;North Electronics;drum;Southwest Country;Configuration female Specialist;Mississippi communities;6325;Guiana Algerian;hierarchy Specialist;revolutionary generate;deputise;Jeep Rubber acidly;2023-09-02T19:18:51;2023-09-02T23:42:03;2023-09-02T22:28:33;false;5901;Bicycle
10;19161;8949;248;1470;Road;Hatchback female;Future Metal connect;Country male;private Creative hacking;Ouguiya informal;Rial;id;maxime generating;24223;Account Gloves;Hafnium;ick invoice next;black;Potassium Courts;2023-09-02T15:35:40;2023-09-03T11:14:07;2023-09-03T03:44:18;false;14787;South
