id;user_id;user_soe_id;user_name;user_email;user_type
1;21558;entire;Recycled toolset;Hydrogen Bicycle beware;DEV
2;32517;sadly;Glenda bus;bluetooth Card;LEAD
3;15933;Operations;Northeast above Hybrid;animi Van Audi;LEAD
4;26494;Inverse;extend Diesel;incubate deposit female;DEVOPS
5;30895;male woot for;deposit questioning bandwidth;indigo Dynamic Sulfur;DEV
6;4508;capacitor once style;Hybrid Response Bicycle;unless Global;BA
7;10927;French;till Northeast;systemic microchip;BUS
8;9871;fondly;female Tactics;indexing;BUS
9;12865;experiences pitiful;Reduced;lumen card Metal;ADMIN
10;1477;South aspernatur;Loan impactful;Bespoke;QA
